{
	"apple": 0.7346733333333334,
	"banana": 0.2500027450980392,
	"blob": 0.41516823529411767,
	"circule": 0.7843403921568627,
	"heart": 0.5630611764705883,
	"hex": 0.6495023529411764,
	"leaf": 0.3949733333333333,
	"lemon": 0.7859690196078432,
	"square": 1.0,
	"sun": 0.34086
}

{
    "apple": 11.66682978737163,
	"banana": 19.99989019698269,
	"blob": 15.519865062918969,
	"circule": 11.29139783850454,
	"heart": 12.354358626854449,
	"hex": 12.408224304058184,
	"leaf": 14.49656915333791,
	"lemon": 11.279693168067705,
	"square": 10.0,
	"sun": 17.128210047076415,
}